token,symbol,venue,holder_to_A_bps,A_to_EOA_bps,A_to_PoolManager_bps,v4_pool_hooks,v4_pool_fee
0x120d58B804F86Dc6cBD8f1a56278582b40DcEEee,RAT,v2,0,0,99,,
0x02740D4E1f26b912Ed5A2aFf9F6c8a29F04BeeEE,MONKEY,v2,0,0,99,,
0xa5cDafb671c1950D2414E490Dee79e24c0C0eeeE,米兔,v2,0,0,199,,
0xB3FC66A32085884666BF69b92355cA0aeEE6Eeee,IG,v2,0,0,299,,
0x5cbA9858AD272b71Ae0BD521b70fe7288CFBEeEE,X拉布布,v2,0,0,100,,
0xb87d91CF9B2cd392B5becc20a3e4a629eEb3EEEe,IGB,v2,0,0,200,,
0x3f8A7EaeeEa0A1BBeA4310d1C601999fa147eeee,OMB,v2,0,0,99,,
0x6129463b277315DE7080baD6993EF842578BeEEE,MARSCAT,v2,0,0,299,,
0xa3C9287861bf30c0b90691DE51c5BfecB90cEeEe,宝拉,v2,0,0,99,,
0xda9869b54704bD6B2AAd0d2a6B41d40ADB9ceEee,HOTCAT,v2,0,0,299,,
0x16Aa672ddA63F5ACd0De098c04c4A3e957d1EEEE,TAPEOUTX,v2,0,0,0,,
0x21d6359cAB338ea54705E7d04efBaAdD9020EEee,TAPEOUTX,v2,0,0,0,,
0x4D1019fBaE8dcbeb73e22C21512e26B87cDaEEee,TapeOut,v2,0,0,99,,
0x789CBcF6992FcA13ABeEEB55D7A3466dBAf6EEEe,IMOO,v2,0,0,199,,
0x32CEFdC856adf33362f31a7a8FE61C8aeFc7eEEe,OKCOIN,v2,0,0,99,,
0xa63e42D09BFcA311e8091269AC45FDEBa9b0eeEE,XBOT,v2,0,0,999,,
0x0933f674BcfEC78bD0f4720fAf370fD9709FEEeE,LING,v2,0,0,0,,
0x64f495A29Ea8AF9161F57550dF4dF9dC289feEEE,HASH,v2,0,0,0,,
0xFCf9a6DE16db771ceAC989c9C1528B48A500EEee,HASH,v2,0,0,0,,
0x2F7fd7a078E59C676a8099c4C4775A3b0549BBbB,OKCOIN,v4,0,0,0,0xeb7e2bBA4579705B608c466317d47817C9e16080,3000
0xf29749C1EBC20f860cC9159D0A6cA26dF97Deeee,IFROG,v2,0,0,99,,
0x3a75E725DCE841aDfAEdA829CA8700C14d91eeEe,BLOCKBABY,v2,0,0,99,,
0xb7C5294Db2C6aF012138fE7a045b62A1c0faEeeE,I,v2,0,0,99,,
0xCBB9Bd17490B71843C16610b2f8E21a9C5d4eEeE,IKUN,v2,0,0,99,,
0xcB98aD437e96c16000b124C30338Dd59B367EeEE,MARS,v2,0,0,199,,
0xa8198D9BcA089F99A0eB016c0462F7278001eeee,DUO,v2,0,0,0,,
0x93473df78414d36D98962EF60EF2e4c94650EEEe,ICAT,v2,0,0,99,,
0x783CadB32C3Cf34BA3eed907B519F1b27ef9eeee,VIVRA,v2,0,0,99,,
0x2026A3FcB9f2d2317085aB59Bd666B64dD81eEEE,STERLING,v2,0,0,99,,
0xf41bB89a39830A88CDC963fB0e91e24CE74CEEee,STERLING,v2,0,0,199,,
0xe74ebb791b4C433dFE4305f0F4aDf1df5F77EEeE,IPO,v2,0,0,99,,
0x87359B7D78B03BD81b567bF425263b453C73eeEe,STARLINK,v2,0,0,299,,
0xf3C02eC2d17C9bcAD4B3Ae38d6A2f4b5D4b5bbBB,ICEBULL,v4,0,0,0,0xeb7e2bBA4579705B608c466317d47817C9e16080,3000
0x6a9559DBFf4B46D7997Cd7177127D817E76beEee,OKXICE,v2,0,0,199,,
0x7Cda817043F9C53490BcBDf06B05FeAA8e8beeEe,PIKA,v2,0,0,0,,
0x4b54Acf3B4f5642bE2A734F4DC3f71661ee9Eeee,RUOK,v2,0,0,0,,
0x82Ea4dDa1185D8ECAa92AD13d9a205778f87eeeE,肥嘟嘟,v2,0,0,99,,
0x6c54dd1187bF84B7ED9f786e9eb5D25f0d9BEEEe,XCAT,v2,0,0,99,,
0x0F8a6683a166444254D304871Af443cb84c6EEEE,BODHI,v2,0,0,0,,
0xbB9A906f1A8906D548C5D94b7079fA31bF09EEee,XCAT,v2,0,0,0,,
0xB77d57b65B67B45C89B9626EEEEcE90Adc8ceEeE,XLORE,v2,0,0,99,,
0x381bcCA21e3d2E069fb2ba44569C1054cc62eeee,STARCOIN,v2,0,0,99,,
0x7ceEA33F02694892DfA066cDAA9494Fa1Fa7eEee,牛回,v2,0,0,0,,
0xF93dE4EF61309ca8BcD0feab0c6f4DD9B2c4eeEE,万事OK,v2,0,0,99,,
0x77584B2805A204F56c4b250a6c8d314c713abbBB,JACKET,v4,0,0,revert,0xeb7e2bBA4579705B608c466317d47817C9e16080,3000
0x0C9535416FD3b772646c4575e0664Fd65afEeEEE,IGNIX,v2,0,0,299,,
0xb899567D73ed11b0234926735AC8eb8B6668eeee,EEEEE,v2,0,0,199,,
0xE97E35CeF8E0f7513e01E54fe17e857e1AE0Bbbb,EEEE,v4,0,0,revert,0xeb7e2bBA4579705B608c466317d47817C9e16080,3000